{
  "assetsByChunkName": {
    "vendors~app-account~app-confirmation~app-order": "chunk.d12654da41d278b96b83.js",
    "vendors~app-account~app-checkout": "chunk.98a5c30459cec1a4af10.js",
    "vendors~app-cart~app-checkout": "chunk.7356e5b6aa2c4c5dc55f.js",
    "admin": [
      "admin.92790fc0de5a6b842adc.js",
      "admin.92790fc0de5a6b842adc.js.map"
    ],
    "app-account": "chunk.ba946831ab273271c181.js",
    "app-checkout": "chunk.d90deccaf9629e08b9ef.js",
    "app-confirmation": "chunk.a0809e1060348577ef5f.js",
    "checkout": [
      "checkout.079cc5921d3b509f0ea1.js",
      "checkout.079cc5921d3b509f0ea1.js.map"
    ],
    "storefront": [
      "storefront.c5175b9014a7245dc3ab.css",
      "storefront.c10f2279ec5143697738.js",
      "storefront.c5175b9014a7245dc3ab.css.map",
      "storefront.c10f2279ec5143697738.js.map"
    ],
    "vendors~app-cart": "chunk.05f41af9256f779a5bb5.js",
    "vendors~app-order": "chunk.878c16cbc8eb295039b0.js"
  }
}