{
  "marketing_stripe": {
    "text": "Shop Beauté: Ofertas com até 70% OFF no conforto da sua casa",
    "link": "/promotion",
    "color": "#0f0e0e",
    "background": "#f9f5f5"
  },
  "contacts_stripe": {
    "pages": [
      {
        "title": "Sobre Nós"
      },
      {
        "title": "Ofertas 70% OFF"
      }
    ],
    "phone_wpp": true,
    "socials": true
  },
  "categories_list": {
    "featured": [],
    "random": 2,
    "full_width": true
  },
  "desktop_megamenu": false,
  "search_input": true,
  "alphabetical_order_submenu": false,
  "full_width_submenu": false
}