{
  "meta_title": "",
  "meta_description": "",
  "sections": [
    {
      "type": "banner-slider",
      "autoplay": 12000,
      "full_width": true,
      "slides": [
        {
          "start": "2022-10-21T22:38:36.438Z",
          "end": "",
          "img": "/img/uploads/6.png",
          "mobile_img": "/img/uploads/5.png"
        }
      ]
    },
    {
      "type": "info-bar",
      "enabled": true
    },
    {
      "type": "collection-shelf",
      "shuffle": true,
      "collection_id": null,
      "sort": "offers",
      "title": "",
      "headless": false,
      "limit": 12,
      "page": 1
    },
    {
      "type": "page-title",
      "title": "",
      "description": ""
    }
  ]
}